{
  "definitions": {
    "CatalogService": {
      "@source": "srv/cat-service.cds",
      "kind": "service"
    },
    "CatalogService.hello": {
      "kind": "function",
      "returns": {
        "type": "cds.String"
      }
    },
    "cds.outbox.Messages": {
      "kind": "entity",
      "elements": {
        "ID": {
          "key": true,
          "type": "cds.UUID"
        },
        "timestamp": {
          "type": "cds.Timestamp"
        },
        "target": {
          "type": "cds.String"
        },
        "msg": {
          "type": "cds.LargeString"
        },
        "attempts": {
          "type": "cds.Integer",
          "default": {
            "val": 0
          }
        },
        "partition": {
          "type": "cds.Integer",
          "default": {
            "val": 0
          }
        },
        "lastError": {
          "type": "cds.LargeString"
        },
        "lastAttemptTimestamp": {
          "@cds.on.update": {
            "=": "$now"
          },
          "type": "cds.Timestamp"
        },
        "status": {
          "type": "cds.String",
          "length": 23
        }
      }
    }
  },
  "meta": {
    "creator": "CDS Compiler v6.0.14",
    "flavor": "inferred"
  },
  "$version": "2.0"
}