<?xml version="1.0" encoding="utf-8"?>
<edmx:Edmx Version="4.0" xmlns:edmx="http://docs.oasis-open.org/odata/ns/edmx">
  <edmx:Reference Uri="https://sap.github.io/odata-vocabularies/vocabularies/Common.xml">
    <edmx:Include Alias="Common" Namespace="com.sap.vocabularies.Common.v1"/>
  </edmx:Reference>
  <edmx:Reference Uri="https://oasis-tcs.github.io/odata-vocabularies/vocabularies/Org.OData.Core.V1.xml">
    <edmx:Include Alias="Core" Namespace="Org.OData.Core.V1"/>
  </edmx:Reference>
  <edmx:DataServices>
    <Schema Namespace="CatalogService" xmlns="http://docs.oasis-open.org/odata/ns/edm">
      <Annotation Term="Core.Links">
        <Collection>
          <Record>
            <PropertyValue Property="rel" String="author"/>
            <PropertyValue Property="href" String="https://cap.cloud.sap"/>
          </Record>
        </Collection>
      </Annotation>
      <EntityContainer Name="EntityContainer">
        <FunctionImport Name="hello" Function="CatalogService.hello"/>
      </EntityContainer>
      <Function Name="hello" IsBound="false" IsComposable="false">
        <ReturnType Type="Edm.String"/>
      </Function>
    </Schema>
  </edmx:DataServices>
</edmx:Edmx>